{"train_losses": [0.9912060701847076, 0.8762252229452133, 0.8188547984957695, 0.7792545344233512, 0.7479367882013321, 0.7157411317825317, 0.6647388827800751, 0.6645187223553658, 0.6049783347845078, 0.5607720823287964, 0.5614449756145478, 0.5732255268692971, 0.5259685003757477, 0.48344129729270935, 0.45168606884777546, 0.41798126950860026, 0.4130491591542959, 0.38005496184527876, 0.388890283100307, 0.36491079138964416, 0.22945999332144856, 0.26121041718125343, 0.3091435888353735, 0.25242465536296366, 0.21841509224288166, 0.2998197975810617, 0.17206960636563598, 0.15716810027696193, 0.19431167297111823, 0.16036648809257895, 0.07401714607141913, 0.11936764459963888, 0.14881800787104293, 0.12360519182216376, 0.20895464419480414, 0.10840953404270112, 0.06560796412115451, 0.14976112705818379, 0.05365670143865282, 0.016383244800148532, 0.007898667012021179, 0.006360823790164432, 0.005203118501493009, 0.004626283886653254, 0.003966630380702554, 0.004420531560987001, 0.003668980129659758, 0.0037159963365702422, 0.003150843859402812, 0.0026701024465437513], "val_accuracies": [0.5225, 0.56625, 0.60375, 0.5625, 0.63125, 0.60875, 0.5575, 0.58625, 0.62125, 0.6025, 0.6175, 0.6125, 0.56, 0.60125, 0.625, 0.605, 0.6075, 0.59625, 0.5975, 0.61625, 0.56375, 0.52375, 0.6025, 0.59, 0.54625, 0.58875, 0.56, 0.61, 0.60125, 0.5925, 0.6, 0.58, 0.5975, 0.59125, 0.59875, 0.60125, 0.61125, 0.5875, 0.59625, 0.59375, 0.6075, 0.5975, 0.595, 0.6025, 0.5925, 0.5975, 0.59, 0.59875, 0.5975, 0.59875]}