{"train_losses": [34.97736068725586, 34.37373606109619, 34.138725143432616, 34.16182430267334, 34.061034446716306, 34.108356155395505, 34.124848808288576, 34.067239128112796, 34.085233680725096, 34.020681640625], "val_accuracies": [0.4, 0.38625, 0.39875, 0.3975, 0.41875, 0.40875, 0.405, 0.40125, 0.4, 0.40125]}